merchant_category,BR,CA,DE,GB,IN,NG,RU,US
digital_goods,0.08158640226628895,0.03052683407188577,0.033659730722154224,0.032604209657449444,0.03391232423490488,0.14421052631578948,0.12605042016806722,0.03173938531111297
electronics,0.02877697841726619,0.021957340025094103,0.030027932960893854,0.023846552617936754,0.03121852970795569,0.060723514211886306,0.06743002544529263,0.02989266726853245
fashion,0.015540944411237299,0.02193877551020408,0.02535377358490566,0.01961585615038823,0.018783176806859942,0.043149946062567425,0.04338842975206612,0.01770136359786567
fuel,0.02316076294277929,0.02190721649484536,0.01627742392073602,0.015609264853977844,0.018404907975460124,0.05269761606022585,0.03443708609271523,0.016967983032016968
gaming,0.06625441696113074,0.028081123244929798,0.024478694469628286,0.03513174404015056,0.025284450063211124,0.11147540983606558,0.1163141993957704,0.03241710834463207
grocery,0.01917044266294876,0.015435835351089588,0.015664845173041893,0.01730624529721595,0.022193877551020407,0.03291139240506329,0.033121019108280254,0.019308085571052763
restaurants,0.021291952363767592,0.02126984126984127,0.015503875968992248,0.01819560272934041,0.017019207391198637,0.0458830923947203,0.041401273885350316,0.017491682629297307
travel,0.04314720812182741,0.0249609984399376,0.018281535648994516,0.022374145431945307,0.026862026862026864,0.06097560975609756,0.04936305732484077,0.028084375766494973
