feature,importance
ip_country,0.032786368987093785
merchant_category,0.030059552960049432
transaction_hour,0.007321742151844622
log_amount,0.007251935578577996
transactions_per_day,0.004470529541021141
account_age_days,0.0037165465694791503
distinct_ips_7d,0.0035428611052403434
distinct_devices_7d,0.0035243902062640545
transactions_per_hour,0.002739422906508568
is_weekend,0.0
day_of_week,-0.0007323489401881942
is_night,-0.0015926518419767204
