feature,importance
ip_country,0.02118974790881169
merchant_category,0.01894960432089452
is_night,0.0009491780990556568
distinct_devices_7d,0.0008378699135722969
transaction_hour,0.0007552351378453392
day_of_week,7.37548276116597e-05
account_age_days,1.0727266792169103e-06
transactions_per_hour,-0.00022087512643164295
log_amount,-0.000256743378760869
transactions_per_day,-0.00039689895582892726
is_weekend,-0.0004496779199684997
distinct_ips_7d,-0.0020985232627229546
