month,transactions,fraud_transactions,fraud_rate,fraud_amount
2025-01,16908,393,0.02324,32729.24
2025-02,15418,356,0.02309,27159.11
2025-03,17078,376,0.02202,30307.87
2025-04,16387,421,0.02569,36683.43
2025-05,17051,449,0.02633,41523.04
2025-06,16431,395,0.02404,33305.32
2025-07,17011,453,0.02663,40128.95
2025-08,17135,487,0.02842,43251.52
2025-09,16325,462,0.0283,36602.05
2025-10,16942,479,0.02827,43132.62
2025-11,16393,467,0.02849,42110.73
2025-12,16921,555,0.0328,45422.88
