hourly_velocity,device_count,transactions,fraud_transactions,fraud_rate
7+,3+,400,33,0.0825
7+,2,1447,89,0.06151
4-6,3+,567,34,0.05996
4-6,2,3071,145,0.04722
2-3,3+,853,36,0.0422
7+,1,2320,96,0.04138
4-6,1,7610,270,0.03548
2-3,2,10765,368,0.03418
1,3+,1061,32,0.03016
1,2,16523,479,0.02899
2-3,1,57798,1531,0.02649
1,1,97585,2180,0.02234
